{
    "mainPj": {
        "Texture": 0,
        "actualScene": 3,
        "h": 201.6,
        "rotation": 0.0,
        "w": 84.0,
        "x": 637.3234154261557,
        "y": 439.26967319526244
    }
}