{
    "mainPj": {
        "Texture": 0,
        "actualScene": 0,
        "h": 201.6,
        "itemList": [
            {
                "Texture": 60,
                "descripcion": "key",
                "h": 36.92307692307692,
                "rotation": 0.0,
                "tag": "keyMoto",
                "w": 49.230769230769226,
                "x": 938.1846153846153,
                "y": 8.53846153846154
            }
        ],
        "rotation": 0.0,
        "w": 84.0,
        "x": 472.0,
        "y": 231.6
    }
}