{
    "mainPj": {
        "Texture": 0,
        "actualScene": 5,
        "h": 201.6,
        "w": 84.0,
        "x": 238.1700672828016,
        "y": 326.7595117151611
    }
}