{
    "mainPj": {
        "Texture": 0,
        "actualScene": 0,
        "h": 201.6,
        "rotation": 0.0,
        "w": 84.0,
        "x": 804.862935682545,
        "y": 308.42240387572195
    }
}