{
    "mainPj": {
        "Texture": 0,
        "actualScene": 34,
        "h": 201.6,
        "rotation": 0.0,
        "w": 84.0,
        "x": 1004.1293652158715,
        "y": 307.8435448976683
    }
}