{
    "mainPj": {
        "Texture": 0,
        "actualScene": 6,
        "h": 201.6,
        "rotation": 0.0,
        "w": 84.0,
        "x": 512.7354826400237,
        "y": 317.0275371062326
    }
}