{
    "mainPj": {
        "Texture": 0,
        "actualScene": 3,
        "h": 201.6,
        "itemList": [
            {
                "Texture": 55,
                "descripcion": "Llave de la moto de    Alena",
                "h": 36.92307692307692,
                "rotation": 0.0,
                "tag": "keyMoto",
                "w": 49.230769230769226,
                "x": 938.1846153846153,
                "y": 8.53846153846154
            },
            {
                "Texture": 19,
                "descripcion": "Llave de la casa de    Alena",
                "h": 36.92307692307692,
                "rotation": 0.0,
                "tag": "key",
                "w": 49.230769230769226,
                "x": 1007.7846153846152,
                "y": 8.53846153846154
            }
        ],
        "rotation": 0.0,
        "w": 84.0,
        "x": 365.0,
        "y": 320.0
    }
}