{
    "mainPj": {
        "Texture": 0,
        "actualScene": 0,
        "h": 201.6,
        "rotation": 0.0,
        "w": 84.0,
        "x": 220.73506330802746,
        "y": 382.6420344313821
    }
}