{
    "mainPj": {
        "Texture": 0,
        "actualScene": 0,
        "h": 201.6,
        "rotation": 0.0,
        "w": 84.0,
        "x": 279.946083039412,
        "y": 288.9603903022916
    }
}