{
    "mainPj": {
        "Texture": 0,
        "actualScene": 43,
        "h": 201.6,
        "itemList": [
            {
                "Texture": 55,
                "descripcion": "La moto salió demasiado cara como para perder esto.",
                "h": 36.92307692307692,
                "rotation": 0.0,
                "soundEffect": 1,
                "tag": "keyMoto",
                "w": 49.230769230769226,
                "x": 938.1846153846153,
                "y": 8.53846153846154
            },
            {
                "Texture": 56,
                "descripcion": "Es un rotulador... rojo.... y ya.",
                "h": 36.92307692307692,
                "rotation": 0.0,
                "soundEffect": 1,
                "tag": "rotulador",
                "w": 49.230769230769226,
                "x": 1007.7846153846152,
                "y": 8.53846153846154
            },
            {
                "Texture": 54,
                "descripcion": "Es la llave del coche  de la empresa",
                "h": 36.92307692307692,
                "rotation": 0.0,
                "soundEffect": 1,
                "tag": "keyCoche",
                "w": 49.230769230769226,
                "x": 1077.3846153846155,
                "y": 8.53846153846154
            }
        ],
        "pass_": 1,
        "rotation": 0.0,
        "soundEffect": 1,
        "w": 84.0,
        "x": 10.0,
        "y": 320.0
    }
}