{
    "mainPj": {
        "Texture": 0,
        "actualScene": 42,
        "h": 201.6,
        "itemList": [
            {
                "Texture": 210,
                "descripcion": "funciona",
                "h": 36.92307692307692,
                "rotation": 0.0,
                "tag": "funcionaGuay",
                "w": 49.230769230769226,
                "x": 938.1846153846153,
                "y": 8.53846153846154
            },
            {
                "Texture": 210,
                "descripcion": "funciona",
                "h": 36.92307692307692,
                "rotation": 0.0,
                "tag": "funcionaGuay",
                "w": 49.230769230769226,
                "x": 1007.7846153846152,
                "y": 8.53846153846154
            }
        ],
        "rotation": 0.0,
        "w": 84.0,
        "x": 146.0,
        "y": 228.0
    }
}