{
    "mainPj": {
        "Texture": 0,
        "actualScene": 0,
        "h": 201.6,
        "rotation": 0.0,
        "w": 84.0,
        "x": 351.30993735885215,
        "y": 286.24133743788457
    }
}