{
    "mainPj": {
        "Texture": 0,
        "actualScene": 22,
        "h": 120.0,
        "rotation": 0.0,
        "w": 50.0,
        "x": 513.2207776332743,
        "y": 244.20547249788638
    }
}