{
    "mainPj": {
        "Texture": 0,
        "actualScene": 18,
        "h": 201.6,
        "itemList": [
            {
                "Texture": 21,
                "descripcion": "Ticket de compra",
                "h": 36.92307692307692,
                "rotation": 0.0,
                "tag": "ticket",
                "w": 49.230769230769226,
                "x": 938.1846153846153,
                "y": 8.53846153846154
            }
        ],
        "rotation": 0.0,
        "w": 84.0,
        "x": 1012.3480909840753,
        "y": 321.6
    }
}