{
    "mainPj": {
        "Texture": 0,
        "actualScene": 34,
        "h": 201.6,
        "pass_": 0,
        "rotation": 0.0,
        "soundEffect": 1,
        "w": 84.0,
        "x": 940.0177994993912,
        "y": 199.94534179509853
    }
}