{
    "mainPj": {
        "Texture": 0,
        "actualScene": 6,
        "h": 201.6,
        "rotation": 0.0,
        "w": 84.0,
        "x": 1180.9236782826786,
        "y": 350.91834701849456
    }
}