{
    "mainPj": {
        "Texture": 0,
        "actualScene": 4,
        "h": 120.0,
        "itemList": [
            {
                "Texture": 60,
                "descripcion": "key",
                "h": 36.92307692307692,
                "rotation": 0.0,
                "tag": "keyMoto",
                "w": 49.230769230769226,
                "x": 938.1846153846153,
                "y": 8.53846153846154
            },
            {
                "Texture": 22,
                "descripcion": "key",
                "h": 36.92307692307692,
                "rotation": 0.0,
                "tag": "key",
                "w": 49.230769230769226,
                "x": 1007.7846153846152,
                "y": 8.53846153846154
            }
        ],
        "rotation": 0.0,
        "w": 50.0,
        "x": 1122.333571134078,
        "y": 322.0
    }
}