{
    "mainPj": {
        "Texture": 0,
        "actualScene": 0,
        "h": 201.6,
        "rotation": 0.0,
        "w": 84.0,
        "x": 563.7836089554179,
        "y": 165.2693040705191
    }
}