{
   "CollisionableObject": [
      {
         "Texture": 38,
         "h": 79.0,
         "rotation": 0.0,
         "w": 260.0,
         "x": 1000.0,
         "y": 450.0
      },
      {
         "Texture": 43,
         "h": 230.0,
         "rotation": 0.0,
         "w": 1280.0,
         "x": 0.0,
         "y": 400.0
      }
   ],
   "GODoors": [
      {
         "Texture": 38,
         "h": 79.0,
         "rotGOTr": 90.0,
         "rotat": 0.0,
         "rotation": 0.0,
         "scneNum": 5,
         "tag": "keyMoto",
         "w": 260.0,
         "x": 1000.0,
         "y": 450.0
      }
   ],
   "GOTransiciones": [
      {
         "Texture": 29,
         "h": 40.0,
         "rotat": -90.0,
         "rotation": -90.0,
         "scneNum": 3,
         "w": 40.0,
         "x": 620.0,
         "y": 290.0
      }
   ],
   "PlayerPos": {
      "x": 518.4451244192292,
      "y": 255.1122609003497
   },
   "PlayerTam": {
      "h": 120.0,
      "w": 50.0
   },
   "Texture": 37,
   "h": 720.0,
   "rotation": 0.0,
   "w": 1280.0,
   "x": 0.0,
   "y": 0.0
}