{
   "AlenaActiva": true,
   "CollisionableObject": [
      {
         "Texture": 43,
         "h": 400.0,
         "rotation": 0.0,
         "w": 1280.0,
         "x": 0.0,
         "y": 330.0
      }
   ],
   "GOTransiciones": [
      {
         "Texture": 29,
         "h": 60.0,
         "rotat": 0.0,
         "rotation": 0.0,
         "scneNum": 22,
         "w": 60.0,
         "x": 1210.0,
         "y": 380.0
      },
      {
         "Texture": 29,
         "h": 60.0,
         "rotat": -90.0,
         "rotation": -90.0,
         "scneNum": 20,
         "w": 60.0,
         "x": 853.0,
         "y": 330.0
      }
   ],
   "PlayerPos": {
      "x": 1179.2931330902118,
      "y": 294.00028646055364
   },
   "PlayerTam": {
      "h": 120.0,
      "w": 50.0
   },
   "Texture": 169,
   "h": 720.0,
   "rotation": 0.0,
   "w": 1280.0,
   "x": 0.0,
   "y": 0.0
}