{
   "GOTransiciones": [
      {
         "Texture": 29,
         "h": 60.0,
         "rotat": -90.0,
         "rotation": -90.0,
         "scneNum": 15,
         "w": 60.0,
         "x": 235.0,
         "y": 350.0
      },
      {
         "Texture": 29,
         "h": 60.0,
         "rotat": -90.0,
         "rotation": -90.0,
         "scneNum": 17,
         "w": 60.0,
         "x": 1072.0,
         "y": 350.0
      }
   ],
   "PlayerPos": {
      "x": 714.1768289254409,
      "y": 182.47867064782497
   },
   "PlayerTam": {
      "h": 201.6,
      "w": 84.0
   },
   "Texture": 92,
   "h": 720.0,
   "rotation": 0.0,
   "w": 1280.0,
   "x": 0.0,
   "y": 0.0
}