{
   "CollisionableObject": [
      {
         "Texture": 43,
         "h": 79.0,
         "w": 260.0,
         "x": 1000.0,
         "y": 450.0
      },
      {
         "Texture": 48,
         "h": 230.0,
         "w": 1280.0,
         "x": 0.0,
         "y": 490.0
      }
   ],
   "GODoors": [
      {
         "Texture": 43,
         "h": 79.0,
         "rotat": 0.0,
         "scneNum": 5,
         "tag": "keyMoto",
         "w": 260.0,
         "x": 1000.0,
         "y": 450.0
      }
   ],
   "GOTransiciones": [
      {
         "Texture": 32,
         "h": 60.0,
         "rotat": 90.0,
         "scneNum": 5,
         "w": 60.0,
         "x": 1100.0,
         "y": 459.0
      },
      {
         "Texture": 32,
         "h": 40.0,
         "rotat": -90.0,
         "scneNum": 3,
         "w": 40.0,
         "x": 620.0,
         "y": 290.0
      }
   ],
   "PlayerPos": {
      "x": 1050.3248820810106,
      "y": 312.83316207209316
   },
   "PlayerTam": {
      "h": 120.0,
      "w": 50.0
   },
   "Texture": 42,
   "h": 720.0,
   "w": 1280.0,
   "x": 0.0,
   "y": 0.0
}