{
   "AlenaActiva": true,
   "CollisionableObject": [
      {
         "Texture": 167,
         "h": 95.0,
         "rotation": 0.0,
         "w": 380.0,
         "x": 50.0,
         "y": 455.0
      },
      {
         "Texture": 166,
         "h": 95.0,
         "rotation": 0.0,
         "w": 380.0,
         "x": 450.0,
         "y": 455.0
      },
      {
         "Texture": 43,
         "h": 400.0,
         "rotation": 0.0,
         "w": 1280.0,
         "x": 0.0,
         "y": 335.0
      }
   ],
   "GODoors": [
      {
         "Texture": 221,
         "h": 157.0,
         "rotGOTr": 90.0,
         "rotat": 0.0,
         "rotation": 0.0,
         "scneNum": 24,
         "tag": "keyCoche",
         "w": 380.0,
         "x": 880.0,
         "y": 410.0
      }
   ],
   "GOTransiciones": [
      {
         "Texture": 29,
         "h": 60.0,
         "rotat": -90.0,
         "rotation": -90.0,
         "scneNum": 23,
         "w": 60.0,
         "x": 495.0,
         "y": 295.0
      },
      {
         "Texture": 29,
         "h": 60.0,
         "rotat": -180.0,
         "rotation": -180.0,
         "scneNum": 19,
         "w": 60.0,
         "x": 10.0,
         "y": 400.0
      }
   ],
   "PlayerPos": {
      "x": 513.2207776332743,
      "y": 244.20547249788638
   },
   "PlayerTam": {
      "h": 120.0,
      "w": 50.0
   },
   "Texture": 165,
   "h": 720.0,
   "rotation": 0.0,
   "w": 1280.0,
   "x": 0.0,
   "y": 0.0
}