{
   "AlenaActiva": true,
   "CollisionableObject": [
      {
         "Texture": 167,
         "h": 95.0,
         "rotation": 0.0,
         "w": 380.0,
         "x": 50.0,
         "y": 455.0
      },
      {
         "Texture": 166,
         "h": 95.0,
         "rotation": 0.0,
         "w": 380.0,
         "x": 450.0,
         "y": 455.0
      },
      {
         "Texture": 43,
         "h": 400.0,
         "rotation": 0.0,
         "w": 1280.0,
         "x": 0.0,
         "y": 335.0
      }
   ],
   "GOTransiciones": [
      {
         "Texture": 29,
         "h": 60.0,
         "rotat": -90.0,
         "rotation": -90.0,
         "scneNum": 23,
         "w": 60.0,
         "x": 495.0,
         "y": 295.0
      }
   ],
   "PlayerPos": {
      "x": 475.4843925717095,
      "y": 279.2509460310177
   },
   "PlayerTam": {
      "h": 120.0,
      "w": 50.0
   },
   "Texture": 165,
   "h": 720.0,
   "rotation": 0.0,
   "w": 1280.0,
   "x": 0.0,
   "y": 0.0
}