{
   "CollisionableObject": [
      {
         "Texture": 90,
         "h": 230.0,
         "rotation": 0.0,
         "w": 93.0,
         "x": 25.0,
         "y": 205.0
      },
      {
         "Texture": 91,
         "h": 240.0,
         "rotation": 0.0,
         "w": 385.0,
         "x": 425.0,
         "y": 215.0
      }
   ],
   "GOTransiciones": [
      {
         "Texture": 32,
         "h": 60.0,
         "rotat": -90.0,
         "rotation": -90.0,
         "scneNum": 7,
         "w": 60.0,
         "x": 1160.0,
         "y": 365.0
      }
   ],
   "PlayerPos": {
      "x": 563.1527067818777,
      "y": 407.5863306979297
   },
   "PlayerTam": {
      "h": 201.6,
      "w": 84.0
   },
   "Texture": 89,
   "h": 720.0,
   "rotation": 0.0,
   "w": 1280.0,
   "x": 0.0,
   "y": 0.0
}