{
    "mainPj": {
        "Texture": 0,
        "h": 180.0,
        "w": 80.0,
        "x": 583.0790013828529,
        "y": 481.25498154360804
    }
}