{
    "mainPj": {
        "Texture": 0,
        "h": 145.0,
        "w": 40.0,
        "x": 503.34797509553914,
        "y": 412.7280613125622
    }
}