{
    "mainPj": {
        "Texture": 0,
        "h": 201.6,
        "itemList": [
            {
                "Texture": 22,
                "descripcion": "key",
                "h": 36.92307692307692,
                "tag": "key",
                "w": 49.230769230769226,
                "x": 938.1846153846153,
                "y": 8.53846153846154
            }
        ],
        "w": 84.0,
        "x": 254.85042811004524,
        "y": 324.94457361768286
    }
}