{
    "mainPj": {
        "Texture": 0,
        "h": 200.0,
        "w": 80.0,
        "x": 559.2086938318961,
        "y": 299.1506980473111
    }
}