{
    "mainPj": {
        "Texture": 0,
        "h": 200.0,
        "itemList": [
            {
                "Texture": 22,
                "descripcion": "key",
                "h": 36.92307692307692,
                "tag": "key",
                "w": 49.230769230769226,
                "x": 938.1846153846153,
                "y": 8.53846153846154
            }
        ],
        "w": 80.0,
        "x": 510.0,
        "y": 490.66666666666663
    }
}