{
    "mainPj": {
        "Texture": 0,
        "h": 145.0,
        "w": 40.0,
        "x": 937.8372601204974,
        "y": 263.3333333333333
    }
}