{
    "mainPj": {
        "Texture": 0,
        "h": 145.0,
        "w": 40.0,
        "x": 846.3088083455685,
        "y": 317.1288253869396
    }
}