{
    "mainPj": {
        "Texture": 0,
        "h": 145.0,
        "w": 40.0,
        "x": 1015.2227915398988,
        "y": 265.32121778271033
    }
}