{
    "mainPj": {
        "Texture": 0,
        "h": 145.0,
        "w": 40.0,
        "x": 845.6904740979654,
        "y": 302.81226183541355
    }
}