{
    "mainPj": {
        "Texture": 0,
        "h": 200.0,
        "w": 80.0,
        "x": 1032.9866586896546,
        "y": 382.17174764481337
    }
}