{
    "mainPj": {
        "Texture": 0,
        "h": 180.0,
        "itemList": [
            {
                "Texture": 14,
                "descripcion": "adafsfdf",
                "h": 36.92307692307692,
                "tag": "ffftag",
                "w": 49.230769230769226,
                "x": 938.1846153846153,
                "y": 8.53846153846154
            },
            {
                "Texture": 15,
                "descripcion": "Esta es mi descripcion",
                "h": 36.92307692307692,
                "tag": "Este es mi tag",
                "w": 49.230769230769226,
                "x": 1007.7846153846152,
                "y": 8.53846153846154
            },
            {
                "Texture": 15,
                "descripcion": "Esta es mi descripcion",
                "h": 36.92307692307692,
                "tag": "Este es mi tag",
                "w": 49.230769230769226,
                "x": 1077.3846153846155,
                "y": 8.53846153846154
            },
            {
                "Texture": 14,
                "descripcion": "adafsfdf",
                "h": 36.92307692307692,
                "tag": "ffftag",
                "w": 49.230769230769226,
                "x": 1146.9846153846154,
                "y": 8.53846153846154
            }
        ],
        "w": 70.0,
        "x": 1072.0,
        "y": 288.00000009437
    }
}